﻿<?xml version="1.0" encoding="utf-8"?>

<Deployment xmlns="http://schemas.microsoft.com/windowsphone/2009/deployment"
            AppPlatformVersion="7.1">
  <App xmlns=""
       ProductID="{ce5e7552-5ece-440c-92a8-95a9e3f54839}"
       Title="DataBindingObjectDemo"
       RuntimeType="Silverlight"
       Version="1.0.0.0"
       Genre="apps.normal"
       Author="DataBindingObjectDemo author"
       Description="Sample description"
       Publisher="DataBindingObjectDemo">
    <IconPath IsRelative="true"
              IsResource="false">ApplicationIcon.png</IconPath>
    <Capabilities>
      <Capability Name="ID_CAP_GAMERSERVICES"/>
      <Capability Name="ID_CAP_IDENTITY_DEVICE"/>
      <Capability Name="ID_CAP_IDENTITY_USER"/>
      <Capability Name="ID_CAP_LOCATION"/>
      <Capability Name="ID_CAP_MEDIALIB"/>
      <Capability Name="ID_CAP_MICROPHONE"/>
      <Capability Name="ID_CAP_NETWORKING"/>
      <Capability Name="ID_CAP_PHONEDIALER"/>
      <Capability Name="ID_CAP_PUSH_NOTIFICATION"/>
      <Capability Name="ID_CAP_SENSORS"/>
      <Capability Name="ID_CAP_WEBBROWSERCOMPONENT"/>
      <Capability Name="ID_CAP_ISV_CAMERA"/>
      <Capability Name="ID_CAP_CONTACTS"/>
      <Capability Name="ID_CAP_APPOINTMENTS"/>
    </Capabilities>
    <Tasks>
      <DefaultTask  Name ="_default"
                    NavigationPage="EmployeeList.xaml"/>
    </Tasks>
    <Tokens>
      <PrimaryToken TokenID="DataBindingObjectDemoToken"
                    TaskName="_default">
        <TemplateType5>
          <BackgroundImageURI IsRelative="true"
                              IsResource="false">Background.png</BackgroundImageURI>
          <Count>55</Count>
          <Title>DataBindingObjectDemo</Title>
        </TemplateType5>
      </PrimaryToken>
    </Tokens>
  </App>
</Deployment>
